Jehova,"Yahweh; Jehovah"
Izraelo,Israel
Abrahamo,Abraham
Abramo,Abram
Davido,David
Mozeo,Moses
Jerusalemo,Jerusalem
Judio,Judea
Jakobo,Jacob
Egiptio,Egypt
egipta,Egyptian
Arono,Aaron
Babelo,Babel
Babilono,"Babylon (capital city of Babylonia)"
Babilonio,"Babylonia (empire with capital Babylon)"
babilona,Babylonian
Saŭlo,Saul
Bet,"Beth; house (in compounds like Bet-Leĥem)"
Levido,Levite
Jozefo,Joseph
Filiŝto,Philistine
Cebaoto,"of Armies; Sabaoth"
Jehuda,Judah
Efraimo,Ephraim
Danielo,Daniel
Moabo,Moab
Nebukadnecaro,Nebuchadnezzar
Benjameno,Benjamin
Renkontiĝo
Samuelo,Samuel
Isaako,Isaac
Joabo,Joab
Gileado,Gilead
Simono,Simon
Samario,Samaria
Jonatano,Jonathan
Ĥizkija,Hezekiah
Asirio,Assyria
Jordano,Jordan
Joŝua,Joshua
Elija,Elijah
Baalo,Baal
Krome
Edom
Joŝuo
Jerobeam
Ĉiopova
Ĥaldeoj
Haman
Jonatan
Eleazar
Amen
Fariseoj
Aĥab
Jehoŝafat
Jordanon
Egiptoj
Absalom
Ŝeba
Egiptujon
Gad
Esav
Judaso
Galileo
Ruben
Jesaja
Davidon
Amonidoj
Davido
Joŝija
Lebanon
Saŭlo
Azarja
Jeriĥo
Zeĥarja
Amoridoj
Plue
Denove
Ijob
Ĥebron
Dario
Ŝeĥem
Bileam
Abimeleĥ
Naftali
Sanktulo
Abner
Jehu
Noa
Ŝeol
Cidkija
Jakobon
Baŝan
Jehojada
Eliŝa
Cadok
Leĥem
Kanaana
Jah
Sara
Antioĥo
Demetrio
Midjan
Mordekaj
Reĥabeam
Aŝer
Iŝmael
Simeon
Eternulo
Zebulun
Asaf
Sodom
Gat
Persujo
Ŝimei
Beer
Gibea
Laban
Timoteo
Isaĥar
Joaŝ
Holoferno
Merari
Gideon
Hadad
Balak
Revenu
Gilgal
Moseon
Jiŝaj
Micpa
Aĥaz
Sirianoj
Aĥaŝveroŝ
Jehojakim
Kaleb
Jakobo
Levidojn
Raĥel
Ŝemaja
Cidon
Aaronon
Herodo
Seir
Ĥeŝbon
Izraelidojn
Miĥa
Mordehxaj
Lot
Rama
Eli
Filipo
Ben
Antioĥio
Kanaanidoj
Aĥazja
Nineve
Plejalta
Foriru
Eliru
Ĥamat
Jeŝua
Jizreel
Kadeŝ
Persoj
Adar
Ĥananja
Elam
Alportu
Babelon
Aj
Gibeon
Jona
Hadeso
Ŝafido
Ŝilo
Eŭfrato
Ptolemeo
Forigu
Ezra
Urija
Uzija
Lea
Kanaano
Suza
Tarŝiŝ
Ĥetido
Benaja
Asirianoj
Rememoru
Medoj
Ĥilkija
Pineĥas
Filiŝtojn
Nebat
Nikanoro
Malbenita
Boaz
Supreniru
Kirjat
Ceruja
Lisias
Tamar
Cezaro
Siĥon
Ŝemeŝ
Levido
Obed
Jotam
Zerubabel
Eniru
Instruisto
Ramot
Aĥija
Abiŝaj
Adonija
Karmel
Kiŝ
Joel
Rebeka
Filiŝto
Amnon
Ŝalum
Gedalja
Koraĥ
Joram
Artakserkso
Arnon
Benjamenidoj
Samsono
Tobija
Neĥemja
Gomora
Abel
Jebusido
Jeftah
Jehoram
Amacja
Meŝulam
Maaseja
Raguel
Tobia
Eliab
Belteŝacar
Ŝadraĥ
Meŝaĥ
Galileon
Fenicio
Aram
Saulon
Graco
Vekiĝu
Zeraĥ
Amalek
Maĥir
Naomi
Nabal
Ananias
Pretigu
Betulia
Alproksimiĝu
Abednego
Romo
Trifono
Itamar
Perec
Eden
Maaka
Nadab
Aĥiŝ
Aĥitofel
Obadja
Miĥaja
Sinajo
Isaakon
Ela
Abrahamon
Ĥecron
Esavo
Og
Laĥiŝ
Ekron
Netanja
Sanĥerib
Geba
Kanaanan
Miĥael
Potenculo
Jefune
Ŝem
Adam
Jason
Anatot
Egiptojn
Abija
Refaim
Amorido
Sukot
Gerŝon
Rubenidoj
Jearim
Manoah
Jabeŝ
Asahel
Jehovo
Etiopujo
Ozias
Vaŝti
Aminadab
Belŝacar
Ĥanoĥ
Zimri
Apolonio
Ĥacor
Moabidoj
Liberigu
Baptisto
Efeso
Hoŝea
Amalekidoj
Kehat
Kanaanido
Eliŝama
Tirca
Libna
Ner
Abjatar
Abigail
Abŝalom
Jehoaŝ
Amazja
Goŝen
Joakim
Miŝael
Cionon
Matatias
Saulo
Ĥanan
Elkana
Aŝerajn
Aroer
Sisera
Aĥitub
Coba
Aĥimaac
Seraja
Hiram
Omri
Nabot
Atalja
Jehoahaz
Nebuzaradan
Joĥanan
Amarja
Ofir
Kilikio
Justeco
Starigu
Samarion
Simonon
Jafo
Rut
Sanktigu
Cezareo
Barnabaso
Korah
Kaino
Ĥet
Timna
Gerŝom
Ĥoreb
Uziel
Netanel
Hor
Rimmon
Gadidoj
Aŝdod
Keila
Ciba
Jezebel
Kareah
Amatino
Aŝkelon
Forkuru
Efron
Judason
Eleazaro
Megido
Ŝealtiel
Jeĥiel
Faraonon
Eliezer
Eber
Hagar
Kuŝ
Ĥam
Labano
Amram
Peor
Nebo
Miĥal
Ŝefatja
Reĥab
Mefiboŝet
Bat
Ido
Amoc
Aĥikam
Malkija
Kedeŝ
Ana
Medujo
Elihu
Jair
Pripensu
Reiru
Abiram
Bakĥido
Dagon
Kidron
Menelao
Tito
Edomidoj
Jebusidoj
Liberiganto
Kapernaum
Magdalena
Abiatar
Teraĥ
Naĥor
Naaman
Pordego
Agripo
Barak
Hinom
Elifaz
Maĥli
Jazer
Debir
Gezer
Tabor
Kohat
Aĥimeleĥ
Hadadezer
Baaŝa
Baasa
Ĥazael
Gehazi
Remalja
Eljaŝib
Paŝĥur
Jedutun
Ĥagaj
Mordokaj
Redonu
Aĥaŝvero
Arjok
Jafet
Aŝur
Barnea
Susa
Malsaĝulo
Adamo
Malproksime
Antioĥon
Jonatanon
Koelesirio
Levidaj
Baana
Ĥetidoj
Kanaanidojn
Betania
Fariseo
Lameĥ
Melkicedek
Beor
Kedar
Ĥivido
Kenaz
Efraimon
Abihu
Tendego
Gerŝonidoj
Ĥefer
Jordano
Ammonidoj
Ciklag
Ebed
Joŝua
Heman
Jehojaĥin
Bereĥja
Matanja
Ornan
Debora
Mezopotamio
Igu
Gorgias
Gazara
Ptolemaiso
Filipon
Miĥmaŝ
Dor
Zorobabel
Kadmiel
Naĥŝon
Nazaret
Zebedeo
Nazareto
Er
Gog
Ŝeolo
Dedan
Gerar
Milka
Mamre
Padan
Bilha
Ĥamor
Beria
Jetro
Ziĥri
Reĥob
Dibon
Moabon
Rabba
Aven
Aŝera
Hana
Ezer
Iŝboŝet
Jonadab
Kir
Jeiel
Huram
Abiija
Hamano
Aha
Revivigu
Nerija
Ekbatano
Plenumu
Altigu
Egiptan
Fortigu
Hammedata
Dume
Purim
Ĥaldeojn
Abednegon
Kitim
Fremduloj
Modin
Sura
Seleŭko
Heliodoro
Akub
Ĥizkijan
Tomaso
Kajafas
Arpaĥŝad
Lazaro
Makedonio
Aĥajo
Tesalonikanoj
Egipto
Tubal
Jobab
Betel
Coar
Sarai
Elkonduku
Abimeleĥon
Betuel
Raĥelon
Hebron
Reuel
Bocra
Benjamenon
Mirjam
Meriba
Cur
Kehatidoj
Zakur
Bileamon
Gileadon
Ĥermon
Aŝeran
Cidonanoj
Geŝur
Zif
Ofra
Baaloj
Zebah
Zalmunna
Gileadano
Abinadab
Edomon
Sirianojn
Tekoa
Barzilaj
Azmavet
Ĥanani
Joaĥ
Gedaljan
Imer
Jozabad
Ŝelemja
Ĥarim
Gabael
Hindujo
Hataĥ
Ŝinar
Ŝadraĥon
Meŝaĥon
Rektigu
Urim
Set
Surmetu
Jope
Simono
Kipro
Kireno
Adulam
Hermono
Eliakim
Sadukeoj
Andreo
Iskariota
Olivarba
Barabason
Peleg
Ŝelaĥ
Ĥaran
Silas
Korintanoj
Felikso
Ada
Meŝeĥ
Kanaän
Ĥividoj
Uc
Perizidoj
Rebekan
Elon
Cibeon
Ŝobal
Ebal
Karmi
Jaĥin
Ĥeber
Perizido
Etam
Hur
Malsupreniru
Ĥetidon
Enan
Ŝafat
Anak
Ŝeolon
Pisga
Edrei
Celofĥad
Geber
Anakidoj
Eglon
Ajalon
Afek
Mareŝa
Abdon
Baalojn
Gaal
Ŝimŝon
Naĥaŝ
Gilboa
Keretidoj
Abneron
Joabon
Ŝimea
Itaj
Huŝaj
Biĥri
Araŭna
Jizreelano
Miĥajan
Menaĥem
Pekah
Rabŝake
Tofet
Meleĥ
Eliel
Cefanja
Zebadja
Jedaja
Jehoĥanan
Reĥum
Sanbalat
Hontiĝu
Asiriano
Memfiso
Kebar
Rafaelo
Saran
Sanktulon
Manases
Aŝuro
Aĥior
Kanaanidon
Plejaltan
Grekujo
Giĥon
Purigu
Epifano
Nikanoron
Kislev
Alkimus
Nikanor
Tarso
Cidkijan
Alvoku
Filiŝton
Gehenon
Uriel
Stariĝu
Ĉiufoje
Jeĥezkel
Ram
Cadokon
Beelzebul
Betsaida
Krucumu
Barnabas
Gamaliel
Justulo
Kornelio
Barnabason
Makedonion
Rahab
Ĥavila
Javan
Put
Asirion
Ceboim
Nahor
Luz
Lean
Mahanaim
Jabok
Oholibama
Diŝon
Aja
Ŝaul
Aĥbor
Midjanidoj
Judah
Gera
Jichar
Amoridon
Moleĥ
Coan
Kunvenigu
Cipor
Ĥur
Ecjon
Ribla
Amonido
Jarmut
Azeka
Makkeda
Tapuaĥ
Maĥanaim
Kiriat
Otniel
Eŝtaol
Gedor
Abiezer
Ehudo
Jerubbaal
Jeter
Samuelon
Benjamenido
Benajan
Elisa
Hazael
Elijaŝa
Rezin
Ŝebna
Jerahmeel
Zabad
Jeŝaja
Jaĥat
Merajot
Adaja
Ĥaŝabja
Jerimot
Jeremot
Haŝabja
Matitja
Benaia
Ŝerebja
Elverŝu
Meditado
Ciono
Nilo
Ahikam
Babelo
Azarias
Haleluja
Enterigu
Perizidon
Jebusidon
Aĥioron
Natanael
Ene
Bagoas
Jeĥonja
Mordekajon
Dehaku
Babilonanoj
Ĥabakuk
Suverena
Saĝulo
Ekde
Hermon
Malbenu
Plejaltulon
Filino
Tumim
Nabukodonosor
Idumeo
Antioko
Pamfilio
Simeono
Oniason
Gerizim
Ateno
Timoteon
Ater
Arbaro
Aĥan
Arabujo
Eleazaron
Kain
Joramon
Filipi
Hosana
Serug
Reu
Metuŝelaĥ
Jared
Ikonio
Listra
Tesaloniko
Efesanoj
Jiftaĥ
Bible
Efa
Enoŝ
Mahalalel
Amoridojn
Eŝkol
Kenidoj
Ŝur
Retiriĝu
Maĥpela
Midjanon
Zilpa
Basemat
Jeuŝ
Iŝmaelidoj
Jamin
Ŝimron
Eltiru
Elim
Becalel
Sinaja
Aĥiezer
Amiel
Ĥorma
Pelet
Kunveno
Ar
Kemoŝ
Ŝitim
Zeraĥidoj
Abarim
Hacar
Danidoj
Aŝtarot
Beerot
Jeriĥon
Rahabon
Zabdi
Jabin
Ŝual
Maon
Gedi
Amonidojn
Kiŝon
Siseran
Jael
Oreb
Penuel
Zebul
Delila
Elimeleĥ
Moabidino
Efrata
Hanan
Aĥinoam
Najot
Doeg
Edomido
Elifelet
Peletidoj
Natano
Ŝeban
Absalomon
Kuŝido
Etan
Ŝilonano
Ŝiŝak
Tiŝbano
Rabŝakeh
Arpad
Pedaja
Ŝaron
Jeroĥam
Jediael
Hilkija
Azarel
Ŝebanja
Ĥanun
Bigvaj
Paroŝ
Meremot
Oholibah
Jehoacadak
Ararat
Aĥiaĥaro
Rages
Edna
Adamon
Forlasu
Rameses
Nebukadnecaron
Salem
Grek
Nisan
Memukan
Hegaj
Dositheo
Deturnu
Riĉeco
Malsaĝa
Humiligu
Detenu
Jerobeamon
Horeb
Josedek
Demetu
Jamnia
Suran
Zaĥarja
Menelaon
Forportu
Adonikam
Adin
Azgad
Providenco
Malligu
Nazaretano
Geheno
Alfeo
Hades
Herodias
Elijan
Joses
Prepar
Jonan
Lazar
Kefas
Nikodemo
Iradu
Sciigu
Troas
Makedonujo
Galatujo
Artemiso
Esavon
Magog
WEB
Naama
Gomer
Micraim
Raama
Adma
Lud
Ur
Kedorlaomer
Nebajot
Bilhan
Dina
Ŝeĥemon
Eder
Ecer
Diŝan
Imna
Libni
Refidim
Ĥividon
JAHVE
Elicur
Ŝedeur
Ŝelumiel
Cuar
Amihud
Pedaĥcur
Abidan
Gideoni
Pagiel
Oĥran
Eliasaf
Aĥira
Ĥebronidoj
Kibrot
Hataava
Mirjamon
Ŝamua
Talmaj
Amalekido
Arad
Medeba
Simeonidoj
Atarot
Ain
Bukki
Argob
Geŝuridoj
Levidon
Josuon
Aĥor
Adoni
Jafia
Kirjataim
Ŝema
Ŝean
Anat
Gibeton
Kohatidoj
Bezek
Amalekidojn
Zeeb
Milo
Piratonido
Leĥi
Sidiĝu
Agagon
Nob
Peracim
Gitido
Aĥilud
Urijan
Natanon
Kunvoku
Ariel
Abiŝag
Abijam
Nimŝi
Ĥenaanah
Gozan
Etiopio
Neĥo
Ŝeĥanja
Azrikam
Delaja
Zeraĥja
Talmon
Ŝekanija
Paĥat
Jocadak
Ŝetar
Bildad
Malfeliĉo
Revenigu
Perforto
Ĥaldeujo
Cidekija
Oholah
Enemesar
Tobias
Konsoliĝu
Esdraelon
Dotaim
Bebai
Hamanon
Enirinte
Zereŝ
Lisimaĥo
Enkonduku
MENE
TEKEL
Medo
Perso
Ulaj
Sepdek
Malriĉulo
Ajna
Pekulo
Repagu
Kunigu
Kuraĝiĝu
Emaus
Karnaim
Ĥebronon
Eŭpator
Baĥido
Betelon
Alkimuso
Ptolemais
Ekronon
Lida
Simeonon
Heliodoron
Andronikon
Androniko
Suvereno
Dudek
Karkemiŝ
Joŝijan
Sanabasar
Rat
Samellius
Babelio
Finees
Salatiel
Sisines
Jeuel
Elnatan
Malaĥi
Firmigu
Resanigu
Noan
Jehoŝafaton
Jeĥonjan
Andreon
Kapernaumon
Hipokrituloj
Forprenu
Olivar
Pontio
Arimateo
Abba
Ĉiutage
Pretorion
Anas
Sendube
Siriano
Galileanoj
Pligrandigu
Saŭlon
Derbe
Silason
Transiru
Tiatira
Akvila
Priskila
Apolos
Aristarĥo
Silvano
Titon
Laodicea
Mortigu
Alfa
Jezabel
Ekstere
World
English
Readmono
Eliro
Adonai
ASV
Kainon
Togarma
Nimrod
Reĥobot
Ir
Joktan
Meŝa
Saraj
Gomoran
Sodomo
Ketura
Efer
Miŝma
Duma
Efrat
Amalekon
Naĥat
Onam
Samla
On
Iŝvi
Beĥer
Ĥuŝim
Guni
Jehudan
Nefeg
Koraĥidoj
Abib
Migdol
Cefon
Tabernaklo
Amiŝadaj
Deuel
Amiĥud
Tendaron
Hacerot
Obot
Jahac
Plejpotenculo
Midjanidojn
Maĥla
Ĥogla
Joŝuan
Rekem
Jeriko
Eleale
Jaakan
Jeŝimot
Kedemot
Sidonanoj
Senir
Baŝanon
Saleka
Jeŝurun
Kefira
Laĥiŝon
Ŝihor
Aŝdodanoj
Meon
Sibma
Duono
Rogel
Keriot
Molada
Cora
Aŝan
Aĥzib
Ŝamir
Jatir
Taanahĥ
Judidoj
Kenido
Ĥeres
Aŝtarotojn
Abinoam
Dodo
Tob
Laiŝ
Jebus
Maĥlon
Jeroham
Ĥofni
Fortiĝu
Merab
Leĥemano
Goljat
Jizreelidino
Eŝtemoa
Maaĥa
Ĥagit
Ricpa
Ŝobab
Eliada
Hadadezeron
Hanun
Rabban
Elĥanan
Netofatido
Soko
Milon
Amonidino
Raman
Aĥabon
Imla
Azuba
Zebubon
Jehozabad
Ŝarecer
Jehoahazon
Riblan
Merodaĥ
Ataj
Ŝelomit
Pelatja
Ĥatuŝ
Hodavja
Hakoc
Elioenaj
Ŝimri
Hagaridoj
Abiŝua
Maluĥ
Alemet
Ulam
Malkam
Lod
Miklot
Merib
Moza
Azel
Asaija
Haŝub
Mika
Meŝelemja
Jaĥaziel
Adna
Ŝemiramot
Ŝelomot
Mijamin
Ŝeŝbacar
Zatu
Ĥaŝum
Gidel
Nekoda
Ĥarŝa
Ŝimŝaj
Tatnai
Boznaj
Mattanja
Jojada
Jojarib
Ijobon
Cofar
Ĥoronaim
Gemarja
Ĥanamel
Reĥabidoj
Baruĥon
Trionon
Anan
Evan
Holofernes
Ĥabris
Ĥarmis
Ĉiopovan
Tremado
Asur
Rus
Kuraĝigu
Mordekajo
Mordeĥajon
Reĝino
Kleopatra
Ĥaldeo
Gabriel
Gabrielo
Ufaz
Saĝeco
Algluiĝu
Riĉulo
Gajeco
Disĵetu
Eliya
Ezekiel
Helkias
Jeĥonias
Kelkfoje
Sidono
Azarjan
Hispanujo
Bakĥidon
Ĥoronon
Apolonion
Zabdiel
Arsako
Jopon
Gazaran
Lucio
Cendebeo
Filometoro
Fenicion
Dionizo
Babilono
Ksantiko
Sosipatro
Klarigu
Pahat
Satrabuzanes
Jozabdus
Melchias
Misael
Ĉiopovulon
Aleksandrio
Plejgranda
Hermonon
Artakserkses
Esaŭon
Maljusteco
Rezonado
Levin
Aĥazon
Idaro
Dekapolis
Zeloto
Genesaret
Forsendu
Betfage
Herodanoj
Galileano
Barabaso
Golgota
Nazaretanon
Zeĥarjan
Carfat
Samariano
Elportu
Zaĥeo
Izraelido
Tiberias
Didimo
Infanetoj
Egipton
Sciigon
Juĝisto
Perga
Bereo
Italujo
Galiono
Tiĥiko
Mileto
Sciigo
Apoloo
Filipianoj
Epafras
Fidinda
Foriĝu
Filemono
Antikristo
Omega
Sardeso
Suprenvenu
Jehovah
Genezo
Cila
Aŝkenaz
Ludim
Hadoram
Sidim
Ham
Aner
Roi
Forpelu
Kemuel
Ĥesed
Jokŝan
Mibsam
Jetur
Dinan
Jeuŝon
Omar
Gatam
Miza
Ĥoridoj
Manaĥat
Itran
Mehetabel
Potifar
Asenat
Potifera
Alkonduku
Seraĥ
Malĥiel
Aŝbel
Roŝ
Ĥupim
Jezer
Asir
Alproksimigu
Becalelon
Oholiab
Malpura
Ĥelon
Curiŝadaj
Jicharidoj
Igal
Aĥiman
Horma
Zered
Agag
Nemuel
Jaŝub
Asriel
Ŝemida
Ŝutelaĥ
Kenizido
Ĥavot
Jotbata
Almon
Diblataim
Akrabim
Acmon
Kineret
Manaseidoj
Elizafan
Ogon
Kaftor
Siĥonon
Siĥono
Jaĥac
Joŝuon
Golan
Moabido
Egiptanon
Trairu
Caretan
Aĥŝaf
Taanak
Jokneam
Micpe
Hogla
Baala
Kabceel
Ĥacar
Ecem
Zanoa
Soĥo
Iftaĥ
Ĥolon
Ibleam
Endor
Daberat
Ŝunem
Ĥelkat
Timnat
Mefa
Rubenidojn
Gadidojn
Girgaŝido
Gaaŝ
Jebusidojn
Riŝataimon
Eglono
Moabidojn
Ehud
Ĥaroŝet
Hagoim
Meĥola
Calmon
Efraimido
Corah
Jiŝajon
Cuf
Penina
Eben
Abiel
Suprenu
Malkiŝua
Abinadabon
Zifanoj
Haĥila
Ciklagon
Karmelano
Besor
Disŝiru
Beerotano
Ĥiram
Ahjo
Ĥuŝaj
Arĥido
Bahurim
Gitano
Abŝalomon
Kimham
Gibeonanoj
Ĥelec
Ikkeŝ
Anatotido
Huŝatido
Maharaj
Gareb
Abiataron
Unufoje
Aŝtoret
Maakan
Ijonon
Omrin
Ŝemer
Segub
Jehuon
Naamanon
Edomidojn
Baalon
Mattan
Jehoaĥaz
Pul
Pekahja
Tiglat
Pileser
Ĥalaĥ
Ĥabor
Sefarvaim
Adrameleĥ
Sefarvajim
Hena
Eljakimon
Esar
Hadon
Ĥamutal
Iŝi
Ŝeŝan
Eleasa
Refaja
Nearja
Eljoenaj
Pelaja
Naara
Jabec
Rafa
Pasea
Seraia
Adiel
Ziza
Tilgat
Pilneser
Abiĥail
Azriel
Ichar
Zimma
Ebjasaf
Taĥat
Maĥat
Abdi
Iŝija
Ŝupim
Araĥ
Korahidoj
Jaŝobeam
Aĥohido
Beraka
Ŝemarja
Azazja
Kenanja
Ŝebuel
Reĥabja
Jerija
Jiŝija
Ahimeleĥ
Bilga
Petaĥja
Oded
Aĥazjan
Triono
Valpordego
Ofel
Konanja
Miniamin
Fiŝpordego
Aŝeraj
Neko
Eljakim
Tel
Henadad
Ahava
Binnuj
Eliashib
Meŝezabel
Hodja
Itiel
Bakbukja
Jojakim
Hoŝaja
Ĥananel
Agagido
Ŝuĥano
Lumigu
Plorado
Pravigu
Korfavoru
Renovigu
Filistio
Malsaĝeco
Hamon
Sodomon
Hurlu
Ekkantu
Disrompu
Konja
Johanano
Taĥpanĥes
Hamath
Antikvulo
Nahum
Asiel
Gabrias
Rageŝ
Ninevanoj
Sarĥedonos
Rafaelon
Bonvenon
Ednan
Fratino
Arfaksad
Ragau
Eŭfraton
Arabio
Skitopolo
Belmaim
Ĥoba
Ĥobai
KJV
Tarra
Jairus
Mordeĥajo
Makedonoj
Hammedatha
Makedono
Mordehxajon
Aŝpenaz
Abed
Nego
Malofta
Dura
UPHARSIN
PERES
Ĥaldea
Miloj
Hidekel
Libianoj
Transdonu
Suverenan
Justuloj
Nedisciplinita
Malriĉeco
Riĉaĵoj
Avarulo
Pekuloj
Mallaborema
Piŝon
Strikte
Forlasi
Glorigu
Dispremu
Envolvu
Farigu
Boneco
Tagmeze
Ĥanok
Reĥabeamon
Rabŝakeon
Zerubabelon
Baruh
Sedekias
Sivan
Baltasar
Temano
Mizerecaj
Jeremi
Ĥitim
Joarib
Ĥasideanoj
Proksimiĝis
Seron
Ptolemeon
Faligu
Jazeron
Nabateojn
Bosora
Persujon
Adasa
Gaŭloj
Elasa
Jambri
Betbasi
Ptolemaison
Demetrion
Dagonon
Seleŭkio
Antioĥion
Ramataim
Gazao
Numenion
Ebenaĵon
Numenio
Elul
Likio
Rodiso
Knido
Trifonon
Atenobio
Kidronon
Leviĝinte
Abubo
Aristobulo
Nanaea
Jasono
Menesteo
Heraklo
Jasonon
Sostrato
Aretas
Zeŭso
Sennaĥerib
Kipron
Idumeoj
Ĥereas
Juĝiston
Suverenon
Karnion
Ptolemaido
Alkimo
Mitradates
Beeltethmus
Safat
Aggeo
Amarias
Zarajas
Zaĥarias
Hakkatan
Samaias
Joribus
Mosollamus
Urias
Ezekias
Elionas
Calitas
Jonas
Matthanias
Zacharias
Hieremoth
Addi
Mattathias
Juel
Filopatoro
Arsinoe
Falariso
Epifi
Naĥum
Certigu
Isaako
Behemot
Leviatan
Mirego
Etanon
Ŝeĥemidoj
Izraelidaj
Ramon
Aminadabon
Naĥŝonon
Salmonon
Boazon
Raĥab
Obedon
Manaseon
Amonon
Kunveniginte
Mamono
Hipokritulo
Skribisto
Bartolomeo
Gehena
Ĥorazin
Cezarea
Bar
Olivarbaro
Getsemano
Remetu
Bartolomeon
Tomason
Iskariotan
Jairo
Instruiston
Salome
Teofilo
Janaj
Forpuŝu
Junulo
Joana
Gadaranoj
Sidigu
Alvokinte
Iskarioto
Filinoj
Natanaelon
Kvardek
Enon
Samarianoj
Siloam
Matias
Kapadokio
Frigio
Kretanoj
Liberigite
Moloĥ
Eneas
Tabita
Dorkas
Agabo
Klaŭdio
Jupitero
Lidia
Areopago
Atenanoj
Kenĥreoj
Romon
Asono
Trofimon
Tertulo
Bernice
Forlasinte
Publio
Mallumiĝu
Priskan
Akvilan
Erasto
Apoloon
Edzinoj
Kolosanoj
Onesimo
Demas
Arĥipo
Himeneo
Eva
Onesiforo
Tiĥikon
Rememorig
Levida
Samson
Disiĝo
Paŝtisto
Pergamo
Filadelfio
Ŝafidon
Ĥoenikso
Abadon
Glosaro
Armagedon
Har
Aŭreo
Lolio
Elohe
Israel
Leptonoj
Leviatano
Mahalath
Peniel
Ŝiba
YHWH
LORD
GOD
Irad
Mehujael
Metuŝael
Nefilim
Madaj
Sabta
Sabteka
Kalne
Nineven
Anamim
Lehabim
Naftuĥim
Patruŝim
Kasluĥim
Kaftorim
Girgaŝidoj
Kanaänidoj
Ĥul
Geter
Almodad
Ŝelef
Ĥacarmavet
Jeraĥ
Uzal
Dikla
Abimael
Ajon
Sarajo
Amrafel
Elasaro
Tidal
Goim
Ŝave
Ĥacacon
Lahaj
Bered
Egiptino
Piĥol
Morija
Buz
Efronon
Coĥar
Abida
Eldaa
Adbeel
Nafiŝ
Kedema
Beeri
Mahalaton
Labanon
Forliberigu
Galeed
Ĥamoron
Alon
Jalamon
Koraĥon
Cefo
Jalam
Eŝban
Zaavan
Aran
Dinhaba
Huŝam
Temanidoj
Bedad
Avit
Masreka
Matred
Jetet
Mibcar
Magdiel
Iram
Ĥira
Adulamito
Enaim
Elirigu
Jemuel
Ohad
Zohar
Ĥamul
Puva
Sered
Jaĥleel
Ĥagi
Ŝuni
Ecbon
Eri
Areli
Iŝva
Ard
Jaĥceel
Ŝilem
Atad
Cipora
Pineĥason
Fremdulo
Haĥirot
Oholiabon
Sinajon
Ahisamaĥ
Pekliberigo
Izraelida
Libnidoj
Ŝimeidoj
Amramidoj
Maĥlidoj
Muŝidoj
Abihail
Tabera
Eldad
Medad
Ŝeŝaj
Datanon
Bamot
Petor
Cofim
Kozbi
Ĥecronidoj
Zebulunidoj
Ĥelek
Taĥan
Ŝuĥamidoj
Koĥat
Evi
Reba
Nimra
Atrot
Dofka
Aluŝ
Risa
Kehelata
Ŝefer
Harada
Makhelot
Tahat
Terah
Mitka
Haŝmona
Moserot
Hagidgad
Abrona
Calmona
Ŝefam
Ŝemuel
Haniel
Efraimidoj
Paltiel
Aŝeridoj
Elat
Emidoj
Sirjon
Ĥineret
Girgaŝidon
Elhaku
Malbenata
Malbenataj
Manasidoj
Jerihxo
Postkuru
Cedek
Jaŝar
Ruligu
Madon
Merom
Misrefot
Ĥalak
Anab
Maakaĥidoj
Ekronanoj
Avvim
Ĥebrono
Bohan
Adumim
Neftoaĥ
Jabneel
Sefer
Seferon
Aĥsan
Telem
Bealot
Eltolad
Madmana
Lebaot
Aŝna
Ganim
Migdal
Jokteel
Bockat
Eter
Gilo
Miĥmetat
Emek
Moca
Markabot
Baalat
Sarid
Nahalal
Miŝal
Caananim
Elteke
Serah
Kedeŝon
Becer
Juĝistoj
Perizidojn
Aŝkelonon
Ŝaalbim
Boĥim
Aŝtarotoj
Eglonon
Ŝamgar
Jabinon
Heres
Jerubaal
Tebec
Puah
Ĥemoŝ
Minnit
Gileadanoj
Ibcan
Zebulunido
Hilel
Corá
Allogu
Samsonon
Kiljon
Orpa
Elkanan
Iĥabod
Ŝaliŝa
Disiĝu
Leĥemon
Sanktoleu
Ŝaaraim
Adriel
Meholatano
Miĥalon
Lajiŝ
Galim
Karmelidino
Jerahmeelidoj
Venigu
Malkiŝuan
Abital
Jitream
Egla
Baĥurim
Eliŝua
Rehob
Debar
Helam
Eliam
Rogelim
Adoram
Ŝeva
Gibeonanojn
Gob
Sibekaj
Huŝatano
Goliat
Altigita
Arbatido
Eliahba
Ŝaalbonido
Hararido
Aĥiam
Karmelido
Naharaj
Itrido
Ŝunamitan
Adonijan
Ŝunamitino
Keretidojn
Ŝunamidinon
Ŝimein
Adoniram
Abda
Jokmeam
Ezraĥido
Kalkol
Ziv
Gezeron
Baalaton
Elot
Milkóm
Moabo
Tahpenes
Cereda
Malpezigu
Abiŝalom
Danon
Geban
Micpan
Tibnin
Ginato
Kerit
Eliŝan
Pretiĝu
Ŝilĥi
Gur
Jehonadab
Joaŝon
Ataljan
Cibja
Ŝimeat
Ŝomer
Elaton
Jeruŝa
Pekaĥ
Ŝalmaneser
Returnu
Ivva
Ŝebnan
Tirhaka
Recef
Telasar
Nisroĥ
Baladan
Ĥefciba
Azalja
Asaia
Ĥulda
Tikva
Serajan
Cefanjan
Netofatano
Maakatano
Evil
Ocem
Iŝmaelido
Aŝĥur
Jada
Abiŝur
Apajim
Aĥlaj
Jekamja
Regem
Ŝaaf
Netofatidoj
Noga
Ĥela
Ĥelub
Eŝton
Jehallel
Mered
Hodija
Jiŝi
Jarib
Asaja
Uzziel
Reaja
Beera
JehoCadak
Malĥija
Amci
Jaĥca
Jizraĥja
Jaflet
Helem
Cofah
Elpaal
Aĥio
Joĥa
Jakim
Ŝeĥarja
Eŝbaal
Jehoada
Binea
Boĥeru
Utaj
Imri
Hasenua
Jehojarib
Galal
Jarah
Pelonido
Tekoano
Sibbekaj
Joŝafat
Jaasiel
Iŝmaja
Gibeonano
Elzabad
Hemanon
Asafon
Unni
Elifelehu
Mikneja
Alamot
Konigu
Zetam
Jekameam
Harim
Gamul
Maazja
Ŝubael
Jaazja
Bukija
Hananja
Hanani
Eliata
Gidalti
Romamti
Joŝbekaŝa
Maloti
Hotir
Mahaziot
Eliehoenaj
Hoŝa
Gerŝonido
Jeĥieli
Heldaj
Kue
Ajalonon
Jehonatan
Aŝerojn
Meunidoj
Jehoŝabeat
Jehojadan
Mitredat
Bilŝan
Zakaj
Netofa
Miĥmas
Ĥadid
Senaa
Ĥatita
Ŝobaj
Ziĥa
Ĥasufa
Padon
Lebana
Ĥagaba
Gaĥar
Gazam
Besaj
Meunim
Bakbuk
Ĥakufa
Ĥarĥur
Temaĥ
Nezja
Ĥatifa
Jaala
Darkon
Ĥatil
Poĥeret
Hacebajim
Melaĥ
Kerub
Delaija
Tabeel
Afarsaĥidoj
Arielon
Ŝemajan
Elnatanon
Noadja
Ŝabbetaj
Zabbaj
Malluĥ
Mattenaj
Ĥakalja
Horonano
Amonida
Sterkpordego
Fontpordego
Geŝem
Tekoanoj
Ĥananija
Halohesh
Hakerem
Binuji
Bezaj
Ĥarif
Anaja
Buni
Azur
Kolaja
Gineto
Amok
Esteron
Zeresh
Kontraŭulo
Pur
Ursinon
Orionon
Plejadojn
Naamato
Kaptilo
Malsataj
Sekeco
Barakel
Buzido
Vestigu
Aro
Ĉefmuzikisto
Interligo
Kontemplado
Elprenu
Far
Pripenso
Gebal
Ĝojigu
Mil
Perversa
Malsaĝuloj
Negevo
Senvalora
Malbonulo
Abadono
Lemuel
Vantaĵo
Malĝojo
Immanuel
Maher
Ŝalal
Ĥaŝ
Baz
Asirianon
Kalveco
Eglat
Ŝeliŝija
Nimrim
Eglaim
Egiption
Gardisto
Ekkriu
Forlasita
Tahpanĥes
Cefanjaon
Ŝeŝaĥ
Neĥelamido
Mahseja
Jeĥudin
Jeĥudi
Iria
Nergal
Jezanja
Iŝmaelon
Aŭdiĝas
Elamon
Pekod
Amasigu
Plorkantoj
Ĥaldeujon
Boligu
Arvad
Hetlon
Hauran
Moreshet
Habakuk
Jedaija
Unuiĝo
WorldEnglish
MT
TR
Tobiel
Ananiel
Aduel
Tiŝbe
Aĥiaĥaron
Anael
Aĥijaĥaro
Elimajson
Asmodaeo
Asmodaeon
Disverŝu
Tigriso
Tobian
Raguelon
Nasbas
Malmulto
Hidaspo
Elimeanoj
Ĥelod
Antilibano
Betane
Ĥelus
Tahpanhes
Memfis
Arfaksadon
Holofernon
Bektileth
Rasses
Ĥelianoj
Arbonai
Ocina
Jemnaan
Dotaea
Konae
Aesora
Betomesthaim
Mezopotamion
Transirinte
Ŝeĥemidon
Girgaŝidojn
Betulian
Gotoniël
Melĥiël
Cjamon
Ekrebelo
Ĥusi
Moĥmur
Oks
Oziel
Elkija
Rafaïm
Ahitub
Salamiel
Salasadai
Balamon
Amonidon
Betomasthaim
Ĥola
Enkonduko
Gabata
Bougeano
Baraze
Zatoltha
Abataza
Taraba
Arkesaeus
Sarsathaeus
Malisear
Bugeanon
Elkurinte
Demetinte
Superrigardanton
Trapasin
Aĥaŝveroŝon
Bugatan
Pharsannes
Delphon
Phasga
Pharadatha
Barea
Sarbaca
Marmasima
Ruphaeus
Arsaeus
Zabuthaeus
Bugaano
Jehojakimon
Ŝadrak
Meŝak
Ŝadrakon
Meŝakon
Hontigu
Saviĝo
Forskuu
Regpovo
Dezertiĝoj
Astiago
Ĥabakukon
Hajleroj
Senmorteco
Bruligante
Male
Ekleziasteko
Energetes
Maljusta
Alkroĉiĝu
Edzigu
Laŭtbuŝa
Aroganteco
Suvereneco
Retenu
Ŝajnigante
Humileco
Elpensi
Malsaĝaj
Ĉiuspecaj
Dankado
Laboristo
Senpripensa
Ŝtelisto
Petego
Flustrulo
Malkonvena
Bariloj
Mokado
Pruntedonu
Vigleco
Ebrieco
Resumu
Kunligu
Virĉevalo
Elstaru
Aŭguradoj
Rapidigu
Kontraŭema
Grandigu
Almozdono
Senkulpa
Almozpetado
SANKTECO
Potenculon
Renoviĝu
Tirianoj
Goljaton
Nerias
Maaseas
Asadias
Sud
Salom
Josias
Hadeson
Junuloj
Agar
Merran
Mizereca
Vespertaj
Aĵoj
Evidentiĝos
Grekio
Ĥislev
Treege
Gaddis
Thassi
Apphus
Persion
Dorimenes
Idumeon
Enfermu
Akrabattine
Baean
Dathema
Tubias
Arbatta
Bosor
Alema
Kasfor
Maked
Mizpeh
Kasforon
Makedon
Bosoron
Rafon
Elimajso
Kvincent
Baĥidon
Ĥasideoj
Bezet
Kafarsalama
Perseon
Hindujon
Medujon
Lidujon
Eŭmeno
Eŭpolem
Akos
Alkimuson
Mesalot
Arbela
Berea
Tekoah
Asfar
Medaba
Nadabato
Emauson
Timnaton
Faratonon
Tefonon
Odomeran
Fasiro
Baĥĥido
Askalono
Eleŭtero
Arabion
Lasthenes
Afaerema
Imalkue
Ŝtuparo
Genesareto
Ĥalfi
Antipatron
Eleŭteron
Ĥafenata
Adidan
Adida
Baskama
Sparto
Antipatro
Asaramel
Atalo
Arates
Sampsames
Spartanoj
Deloso
Mindoso
Sikiono
Kario
Halikarnaso
Faseliso
Koso
Arado
Gortino
Atenobion
Jopo
Ortozio
Kendebaeon
Kendebaeo
Jamnio
Cendebeon
Sebat
Dok
Neftar
Purigo
Neftaj
Eŭpatoro
Hirkano
Flankenmetinte
Eŭpolemuso
Lisimaĥon
Kraton
Malo
Antioĥiso
Dafne
Ekflaminta
Haurano
Dorimeno
Lakedemonanoj
Enkurinte
Olimpia
Dionizioj
Eliris
Patroklo
Gorgian
HELP
Kalisteno
Persepolo
Revenante
Puriginte
Koilesirio
Makrono
Zaĥeon
Apolofanon
Betsuron
Absalomo
Dioskorintio
Memmio
Genneo
Hieronimo
Demofono
Jamnianojn
Kaspin
Jerihon
Ĥaraks
Tubienoj
Atergatis
Foririnte
Skitopolanoj
Bacenoro
Marisa
Esdris
Evidentiĝis
Beroja
Konsultiĝinte
Rodoko
Hegemonidon
Gerreanoj
Tripolo
Alkim
Lessau
Posidonion
Teodoton
Kuraĝigitaj
Helkija
Esjelus
Jekonija
Samaja
Sabija
Oĥielus
Eddinus
Joaĥazon
Joakimon
Zarakes
Malmoligante
Belemus
Tabellius
Koelesirion
Apame
Bartikus
Saraja
Fares
Zaraja
Resaja
Eneneus
Mardoĥeus
Beelsarus
Asfarsus
Reelias
Roimus
Ares
Zatui
Ĥorbe
Astad
Bagoi
Adinu
Azetas
Azaru
Arom
Bassai
Arsifurith
Baiterus
Betlomon
Netofas
Betasmot
Kariatiarius
Kafira
Berot
Ĥadiasai
Ammidioi
Kirama
Gabbe
Makalon
Betolion
Nifis
Kalamolalus
Jereĥu
Sanaas
Jeddu
Sanasib
Emmeruth
Fassurus
Ĥarme
Bannas
Sudias
Salum
Atar
Tolman
Dakubi
Ateta
Sabi
Esau
Asifa
Tabaot
Sua
Faleas
Labana
Aggaba
Akud
Uta
Ketab
Akkaba
Subai
Katua
Geddur
Daisan
Noeba
Ĥaseba
Gazera
Finoe
Asara
Bastai
Asana
Maani
Nafisi
Aĥipha
Farakim
Basalot
Meedda
Kutha
Ĥarea
Barĥus
Serar
Thomei
Atipha
Assaphioth
Farida
Jeeli
Lozon
Isdael
Safuthi
Agia
Fakareth
Sabie
Sarothie
Masias
Gas
Addus
Aferra
Barodis
Allon
Thermelĥeth
Thelersas
Ĥaraathalan
Allar
Dalan
Ban
Nekodan
Obdia
Akkos
Jaddus
Augia
Zorzelleus
Attharias
Joppe
Emadabun
Iliadun
Asbasareth
Addo
Jozedek
Babelujo
Sathrabuzanes
Azarajas
Zeĥrias
Ĥelkias
Sadduk
Aĥitob
Memerot
Savias
Bokkas
Abisne
Supreniris
Gerson
Gamael
Attus
Seĥenias
Zaĥarais
Eliaonias
Zatues
Jezelus
Obet
Jesias
Gotolias
Safatias
Abadias
Banias
Salimot
Josafias
Babi
Astath
Joanes
Akatan
Elifalat
Bago
Uti
Istalkurus
Iduel
Maasmas
Ennatan
Loddeus
Mooli
Asebebias
Asebias
Annuus
Osaias
Ĥanuneus
Eserebias
Assamias
Marmot
Josabdus
Moet
Sabannus
Ferezidoj
Jeelus
Jonaso
Eliasib
Azael
Thocanus
Sabbateus
Mathelas
Joadanus
Emmer
Zabdeus
Manes
Sameus
Hiereel
Phaisur
Massias
Nathanael
Ocidelus
Saloas
Semeis
Colius
Patheus
Eliasibus
Bacchurus
Sallumus
Tolbanes
Phoros
Hiermas
Ieddias
Maelus
Asibas
Banneas
Jezrielus
Oabdius
Aedias
Zamoth
Eliadas
Eliasimus
Othonias
Jarimoth
Sabathus
Zardeus
Joannes
Ematheis
Olamus
Mamuchus
Jedeus
Jasubas
Jasaelus
Naathus
Moossias
Laccunus
Naidus
Sesthel
Balnuus
Manasseas
Aseas
Sabbeus
Chosameus
Asom
Maltanneus
Sabanneus
Eliphalat
Manasses
Semei
Baani
Momdis
Ismaerus
Mamdai
Pedias
Anos
Carabasion
Enasibus
Mamnitamenus
Eliasis
Bannus
Eliali
Someis
Selemias
Nathanias
Ezora
Ezril
Azaelus
Samatus
Zambri
Josephus
Nooma
Mazitias
Zabadeas
Edos
Banaias
Sammus
Baalsamus
Phaldeus
Lothasubus
Nabarias
Sarabias
Iadinus
Jacubus
Sabateus
Auteas
Maiannas
Phalias
Attharates
Goljato
Rafio
Teodoto
Drimulo
Virgulinoj
Novnaskitaj
Alvokante
Sodomanojn
Forviŝu
Eniro
Aleksandrianoj
Koile
Knabinoj
Sĥedia
Superŝutita
Kiomfoje
Jonao
Ĉioforta
Montriĝu
Malvarma
Ĉesigante
Paĥon
Filopator
Elĵetante
Rozportanta
Saraias
Azaraias
Salemas
Sadoc
Ahitob
Achias
Phinees
Aziei
Marimoth
Arna
Borith
Abissei
Ferezidojn
Oseas
Miĥeas
Abdias
Abakuk
Sofonias
Agajeus
Patrino
Esaja
Ĉirkaŭprenu
Reprenu
Jeremiel
Phaltiel
Putreco
Repago
Malforteco
Malĝojoj
Savuĝi
Ardat
Sennombra
Osea
Salmanaser
Arzaret
Sarean
Dabrian
Selemian
Asielon
Karmonianoj
Beligu
Malfeliĉoj
Modereco
Nerimarkite
Nikator
Subiginte
Konfeseble
Detranĉu
Abrahamida
Elpensu
Malfpia
Perecon
Zeraĥon
Jeseon
Abijan
Uzijan
Jotamon
Ŝealtielon
Abihudon
Abihud
Eliakimon
Azoron
Azor
Aĥimon
Aĥim
Eliudon
Eliud
Matthanon
Matthan
Emanuel
Arĥelao
Nazareton
Raka
Gergesanoj
Lebeo
Tadeo
Sanigu
Malamiko
Magdala
Translokiĝu
Sadukeojn
Baraĥja
Zebedeon
Boanerges
Tadeon
Zeloton
Beelzebulon
Talita
Knabino
Grekino
Galilea
Efata
Malfermiĝu
Dalmanuta
Timeo
Bartimeo
Rabuni
Arbetaĵo
Rufo
Krucuminte
Plenumiĝis
Eloi
Suprenrigardinte
Kirenio
Fanuel
Tiberio
Iturea
Traĥonitido
Lisania
Abileno
Kontentiĝu
Matat
Melĥi
Esli
Nagaj
Maat
Semein
Joanan
Rhesa
Neri
Kosam
Elmodam
Jose
Jorim
Melea
Menan
Jesse
Kainan
Mahalaleel
Enos
Kuracisto
Nain
Ĥuza
Ventego
Timigitaj
Galileujo
Proksimume
Prizorgu
Serĉadu
Frapadu
Pluvego
Ŝiloam
Elradikiĝu
Revidu
Preparado
Kleopas
Betanio
Aperiĝis
Salim
Siĥar
Betesda
Malfacila
Jerusalemanoj
Disĵetitoj
Samaritano
Lazaron
Malĥo
Gabbata
NAZARETANO
Klopas
Raboni
Akeldama
Barsabas
Elamanoj
Sapfira
Estron
Teŭdas
Proĥoron
Parmenason
Liberuloj
Hamor
Piauloj
Kandake
Ŝarono
Kohorto
Klariginte
Cezareon
Pripensinte
Blaston
Niger
Manaen
Salamis
Sergio
Elimas
Pisidio
Likaonio
Merkuro
Pisidion
Atalio
Barsabaso
Kilikion
Galatio
Bitinion
Preterpasinte
Makedona
Samotrako
Neapolo
Amfipolon
NEKONATA
Dionisio
Areopagano
Damaris
Sostenon
Pasiginte
Frigujo
Aĥajon
Skeva
Eraston
Aristarĥon
Grekujon
Sopatro
Trofimo
Senfermenta
Eŭtiĥo
Mitileno
Ĥio
Trogilio
Efeson
Patara
Plenumiĝu
Mnasonon
Efesanon
Justulon
Ekestis
Klauxdio
Antipatriso
Nazarenoj
Drusila
Judino
Felikson
Festuson
Bernike
Enŝipiĝinte
Adramitio
Elnaĝinte
Salmone
Lasea
Eŭroklidono
Klaŭda
Sirtiso
Adriatika
Sirakuzo
Regio
Puteolo
Gastejoj
Esaŭn
Abomenegu
Ilirio
Febon
Epeneton
Amplian
Urbanon
Staĥison
Apeleson
Herodionon
Narkiso
Trifajnan
Trifosan
Persison
Rufon
Asinkriton
Flegonon
Hermeson
Patroban
Hermason
Nereon
Olimpason
Tercio
Sosteno
Ĥloe
Apolon
Kefason
Aĵojn
Edzino
Sammaniere
Makedonujon
Fortunato
Aĥaiko
Kunlaborante
Belial
Damaskanoj
Perfektiĝu
Arabujon
Ekridu
Elpelu
Koleriĝu
Epafroditon
Eŭodion
Sintihon
Klemento
Epafrodito
Dieco
Senarmiginte
Skito
Hierapolis
Laodiceanoj
Ekkaptu
Lois
Eŭnice
Figelo
Hermogenes
Rememorigadu
Fileto
Jannes
Jambres
Krescens
Dalmatio
Troaso
Eŭbulo
Pudens
Klaŭdia
Artemason
Nikopolison
Zenason
Apfia
Refreŝigu
Demaso
Ĉefpastro
Plejsanktejo
Habel
Varmiĝu
Submetiĝu
Anstataŭe
Bitinio
Forĵetinte
Servistoj
Kontraŭstaru
Tartaroson
Senvorta
Etaj
Diotrefes
Patmos
Smirna
Laodikeo
Smirno
Antipas
Balakon
Laodiceo
Apolion
Ĉielarko
Harmagedon
BABEL
PATRINO
MALĈASTISTINOJ
ABOMENAĴOJ
Adorkliniĝu
Abaddon
Apollyon
Matiaso
Asariono
Kor
Krucumi
Roma
Kumino
Cuminum
Lolium
Lageton
Didraĥmo
Draĥmo
Gey
Hinnom
Gitito
Karmela
Montaro
Hin
Jehoŝua
Joŝia
Kodranto
Maskil
Miĥtam
Commiphora
Omego
Pretorio
Kvadranto
Rabonio
Sanktuloj
Purigi
Selah
Serafidoj
Alivorte
Ŝekelo
Spano
Olimpio
Statero
Templimposton
Tartaroso
Terafimoj
Kurios
Elohim
Ĥidekel
Nod
Ĥanoĥon
Jabalon
Jubal
Jafeton
Rifat
Dodanim
Ereĥ
Akad
Kalah
Resen
Arkidoj
Sinidoj
Arvadidoj
Cemaridoj
Ĥamatidoj
Laŝa
Maŝ
Obal
Sefar
Jiska
Sarajon
Birŝa
Ŝinab
Ŝemeber
Aŝterot
Zuzim
Emim
Kiriataim
Horidojn
Miŝpat
Tiutempe
Kenizidoj
Kadmonidoj
Bofilojn
Ammi
Ĥazo
Pildaŝ
Jidlaf
Reuma
Tebah
Gaham
Tahaŝ
Zimranon
Jokŝanon
Medanon
Iŝbakon
Ŝuaĥon
Aŝurim
Letuŝim
Leumim
Laĥaj
Esek
Sitna
Aĥuzat
Pikol
Basmat
Trinkigu
Zilpan
Sirianon
Jegar
Sahaduta
Penielon
Raĥelo
Bakut
Benoni
Elifazon
Reuelon
Ĥorido
Hemam
Alvan
Ŝefo
Hemdan
Akan
Hadar
Pau
Mezahab
Alva
Adulamitan
Kezib
Cafenat
Paneah
Benjameno
Cifjon
Arodi
Mupim
Loĝigu
Malmultaj
Kunvenu
Pitom
Raamses
Ŝifra
Pua
Joĥebedon
Elcafan
Sitri
Eliŝeban
Nadabon
Abihun
Itamaron
Abiasaf
Putiel
Petegu
Filiŝtio
Omero
Nilon
Ciporan
Aĥisamaĥ
Ĥivon
Urimon
Tumimon
Miŝaelon
Elcafanon
Sanktejo
Ŝelomith
Dibri
Ŝadaj
Eljasaf
Lael
Uzielidoj
Elcafano
Curiel
Tendaro
Ŝadai
Amiŝadai
Hobab
Midjanido
Ĥacerot
Rafu
Gadiel
Susi
Gemali
Setur
Naĥbi
Vofsi
Geuel
Maĥi
Hoŝean
Abiramon
Apartiĝu
Atharim
Ijeabarim
Vaheb
Supha
Suprenŝprucu
Mattana
Nahaliel
Nofa
Ĥucot
Ŝet
Kenidon
Aŝuron
Eberon
Ĥanoĥidoj
Paluidoj
Karmidoj
Nemuelidoj
Jaminidoj
Jaĥinidoj
Ŝaulidoj
Cefonidoj
Ĥagidoj
Ŝunidoj
Ozni
Oznidoj
Eridoj
Arod
Arodidoj
Arelidoj
Ŝelaidoj
Perecidoj
Ĥamulidoj
Tolaidoj
Punidoj
Jaŝubidoj
Ŝimronidoj
Seredidoj
Elonidoj
Jaĥleelidoj
Maĥiridoj
Gileadidoj
Iezer
Iezeridoj
Ĥelekidoj
Asrielidoj
Ŝemidaidoj
Ĥeferidoj
Ŝutelaĥidoj
Beĥeridoj
Taĥanidoj
Eran
Eranidoj
Belaidoj
Aŝbelidoj
Aĥiram
Aĥiramidoj
Ŝefufam
Ŝufamidoj
Ĥufam
Ĥufamidoj
Ardidaj
Naamanidoj
Ŝuĥam
Imnidoj
Iŝvido
Beridoj
Ĥeberidoj
Malĥielidoj
Jaĥceelidoj
Gunidoj
Jezeridoj
Ŝilemidoj
Koĥatidoj
Meraridoj
Joĥebed
Sebam
Beon
Dibonon
Ataroton
Aroeron
Ŝofan
Jogbehan
Nimran
Haranon
Ĥeŝbonon
Elealen
Kirjataimon
Nebon
Meonon
Sibman
Noba
Pihahirot
Hahirot
Ije
Ijim
Cedad
Zifron
Elidad
Ĥislon
Jogli
Efod
Ŝiftan
Parnaĥ
Isaĥaridoj
Azzan
Ahihud
Ŝelomi
Naftaliidoj
Pedahel
Suf
Tofel
Dizahab
Sihonon
Heŝbon
Zamzumidoj
Ĥoridojn
Avim
Kaftoridoj
Maakaĥtidoj
Arabaon
Arabao
Becar
Moserah
Gudgodah
Edomidon
YAHWEH
Zin
Reŭben
Trafrapu
Levidajn
Antaŭen
Ĉirkaŭmarŝu
Ŝebarim
Aĥanon
Ajo
Hoĥam
Piram
Gibeonon
Sun
Makkedan
Horam
Ĥinerot
Majim
Anakidojn
Geder
Makedah
Laŝaron
Meron
Goijim
Gazanoj
Aŝkelonanoj
Gitanoj
Meara
Gebalidoj
Maim
Geŝuridojn
Maakaĥidojn
Maakaĥ
Mefaat
Ceret
Ŝaĥar
Ramat
Betonim
Haram
Cafon
Karka
Ĥesalon
Ŝikeron
Jagur
Dimona
Adada
Itnan
Hadata
Amam
Ĥeŝmon
Biziotia
Iim
Ĥesil
Sansana
Ŝilĥim
Enam
Ŝaarajim
Aditajim
Gedera
Gederotajim
Zenan
Ĥadaŝa
Dilean
Kabon
Laĥmam
Ĥitliŝ
Gederot
Necib
Dana
Eŝtemo
Anim
Arab
Eŝan
Janim
Afeka
Ĥumta
Cior
Juta
Jokdeam
Halĥul
Maarat
Anot
Eltekon
Midin
Sekaka
Nibŝan
Arĥidoj
Jafletidoj
Taanat
Janoaĥ
Naarah
Malsupra
Gelilot
Kecic
Zemaraim
Kefar
Amoni
Ofni
Irpeel
Tarala
Elef
Gibeat
Betul
Ŝaruĥen
Marala
Dabeŝet
Ĥislot
Etkacin
Ĥanaton
Katat
Idala
Ĥesulot
Ĥafaraim
Anaharath
Rabit
Kiŝion
Ebec
Remet
Enganim
Ĥada
Pacec
Ŝahacuma
Ĥali
Beten
Alameleĥ
Amad
Ŝiĥor
Libnat
Neiel
Cabul
Ebron
Ĥammon
Ĥosa
Uma
Ĥelef
Adami
Nekeb
Lakkum
Aznot
Ĥukkok
Cidim
Cer
Ĥammat
Rakkat
Adama
Ĥorem
Ŝaalabin
Itla
Jehud
Berak
Jarkon
Rakkon
Joppa
Leŝem
Beceron
Ramoton
Golanon
Libnan
Eŝtemoan
Jutaĥ
Kibcajim
Be
Eŝtera
Kiŝjon
Ĥamot
Kartah
Dimnah
Esaŭ
Ŝeŝajon
Aĥimanon
Talmajon
Cefat
Kitron
Nahalol
Akko
Aĥlab
Ĥelba
Afik
Gaas
Riŝataim
Ehudon
Benjamenidon
Seira
Lapidot
Zebulunon
Naftalin
Ĥobab
Merocon
Junulino
Abiezerido
Abiezeridoj
Jerub
Harod
Cerera
Tabat
Orebon
Zeebon
Karkor
Nobah
Jogbehah
Abiezridoj
Berit
Meonenim
Aruma
Gaalon
Kamon
Maonidoj
Keramim
Ŝiboleth
Siboleth
Razilo
Mahane
Timnito
Ramath
Hakkore
Gazaanoj
Sorek
Nazireo
Maĥane
Maareh
Benjamenidojn
Gidom
Lebona
Efratanoj
Ĥiljon
Ĥecronon
Tohu
Hofni
Ŝilon
Aŝdodon
Kar
Ŝen
Ceror
Bekorat
Afiah
Benjamenano
Ŝaalim
Celcaĥ
Matritoj
Jerubbaalon
Bedanon
Jeftaĥon
Bocec
Sene
Retiru
Telaim
Eliabon
Ŝammahon
Efes
Damim
Efratano
Gaj
Ezel
Aĥiŝon
Heret
Aĥimeleĥon
Nobon
Keilan
Hammaĥlekot
Abigailon
Nabalon
Aĥinoamon
Maok
Girzidoj
Maljuna
Reirigu
Jizreelanino
Sifmot
Rakal
Boraŝan
Ataĥ
Iŝboŝeton
Aŝuridoj
Hacurim
Amma
Giĥa
Bitron
Asahelon
Ĥileab
Sira
Gibĕon
Beerotanoj
Gitaim
Ibĥar
Ĉirkaŭiru
Baale
Nacon
Betah
Toi
Ciban
Prilaboru
Enportu
Nahash
Ŝobaĥ
Ŝobaĥon
Jerubbeŝet
Plifortigu
Jedidja
Kuŝiĝu
Hacor
Amnonon
Amihur
Ducent
Gilonano
Mesaĝisto
Merĥak
Gitidoj
Huŝajon
Arĥiton
Arĥito
Jitra
Ŝobi
Lodebar
Ebenaĵo
Kuŝidon
Barzilajon
Jairido
Mefiboŝeton
Armoni
Iŝbibeno
Safon
Jaare
Oregim
Joŝeb
Baŝebet
Adino
Eznito
Dodaj
Harodido
Elika
Paltido
Tekoido
Mebunaj
Ahoĥido
Ĥeleb
Baanah
Hiddaj
Abialbon
Barĥumido
Jaŝen
Ŝarar
Ararido
Ahasbaj
Maakathido
Gilonido
Ĥecro
Paaraj
Arbido
Gadido
Celek
Beerotido
Taĥtim
Hodŝi
Jaan
Rei
Zoĥelet
Peletidojn
Hagit
Ŝunamidino
Eliĥoref
Ŝiŝa
Zabud
Aĥiŝar
Deker
Makac
Arubot
Tafat
Jezreel
Aĥinadab
Paruaĥ
Tifsa
Darda
Maĥol
Gebalanoj
Bul
Hiramon
Etanim
Gibeaon
Kabul
Megidon
Tamaron
Edomo
Genubat
Rezon
Cerua
Rekonduku
Tabrimmon
Ĥezjon
Ĥineroton
Gibetonon
Baasan
Arca
Tircan
Tibni
Jezabelon
Etbaal
Ĥiel
Betelano
Obadjan
Ĥazaelon
Kvindek
Baalan
Ĥareŝet
Ŝunamitinon
Abana
Farpar
Zair
Bidkar
Jehonadabon
Manaseidojn
Jehoŝeba
Karidoj
Karidojn
Sila
Jozakar
Jehoadin
Amacjan
Ĥamaton
Jekolja
Ŝalumon
Tifsaĥon
Arje
Janoahon
Ĥacoron
Pekahon
Kuta
Avva
Benot
Nergalon
Aŝiman
Nibĥazon
Tartakon
Anammeleĥ
Abi
Neĥuŝtan
Tartan
Rabsaris
Iva
Berodaĥ
Meŝulemet
Ĥaruc
Jotba
Jedida
Adaia
Ĥarĥas
Milkome
Zebida
Pedaia
Neĥuŝta
Jehojaĥinon
Matanjan
Tanĥumet
Jaazanja
Difat
Rodanim
Arkido
Sinido
Arvadido
Cemarido
Ĥamatido
Zimran
Medan
Iŝbak
Ŝuaĥ
Cefi
Nahat
Homam
Aljan
Ŝefi
Ĥamran
Ĥeran
Ĥuŝam
Pai
Mezaĥab
Alja
Kanaanidino
Hamul
Dara
Aĥar
Ĥelubaj
Jeriot
Jeŝer
Kenat
Bunah
Oren
Atara
Maac
Eker
Aĥban
Molid
Seled
Zaza
Jarĥa
Eflal
Sismaj
Raham
Jorkeam
Gazez
Jahdaj
Geŝan
Ŝeber
Tirĥana
Maĥbena
Aĥsa
Ĥaref
Gader
Haroeh
Menuĥotoj
Itridoj
Putidoj
Ŝumatidoj
Miŝraidoj
Coratidoj
Eŝtaolidoj
Manaĥatidoj
Coridoj
Jabez
Tiratidoj
Ŝimeatidoj
Sukatidoj
Jibĥar
Malkiram
Ŝenacar
Hoŝama
Nedabja
Ĥaŝuba
Ohel
Ĥasadja
Juŝab
Arnan
Barja
Anani
Reaia
Aĥumaj
Lahad
Zoratidoj
Jiŝma
Idbas
Haccelelponi
Ĥuŝa
Aĥuzzam
Temeni
Haahaŝtari
Zereth
Anub
Zobeba
Aharĥel
Harum
Ŝuĥa
Meĥir
Teĥina
Reĥa
Ĥatat
Meonotaj
Ge
Ĥaraŝim
Naam
Zifa
Tiria
Asarel
Ezraĥ
Jalon
Ŝamajon
Jiŝbaĥon
Jeredon
Ĥeberon
Jekutielon
Zanoaĥ
Bitja
Naĥam
Garmido
Maaĥatido
Rina
Tilon
Zoĥet
Lekaĥ
Laada
Aŝbea
Jokim
Cozeba
Saraf
Jaŝubileĥem
Netaim
Gederah
Ĥamuel
Tolad
Susim
Biri
Toĥen
Meŝobab
Jamleĥ
Joŝa
Joŝibja
Jaakoba
Jeŝohaja
Jesimiel
Ŝifi
Jedaia
Meunidojn
Azaz
Ŝafam
Joraj
Zia
Ĥuri
Jaroaĥ
Jeŝiŝaj
Jahdo
Aĥi
Abdiel
Nafis
Nodab
Jahdiel
Ĥara
Jeateraj
Aĥimot
Cofaj
Ĥagija
Toaĥ
Baaseja
Kiŝi
Hilen
Anem
Maŝal
Hukok
Ĥamon
Rimonon
Refaia
Jeriel
Jahmai
Ibsam
Zemira
Zetan
Ahiŝaĥar
Aĥer
Jaĥziel
Aramitanino
Pereŝ
Ŝereŝ
Rakem
Hamoleĥet
Iŝhod
Mahla
Aĥian
Liki
Aniam
Eleada
Elead
Ŝeera
Uzen
Refaĥ
Reŝef
Telaĥ
Naaran
Aza
Birzait
Ĥotam
Pasaĥ
Bimhal
Aŝvat
Ahi
Rohga
Jehuba
Ŝeleŝ
Amal
Suaĥ
Harnefer
Imraĥ
Bezer
Hod
Ŝilŝa
Pispa
Ara
Ula
Rizia
Aĥara
Noĥa
Abiĥud
Aĥoa
Ŝefufan
Ĥuram
Aĥiĥud
Ŝaĥaraim
Baara
Ĥodeŝ
Zibia
Jeuz
Ŝaĥja
Mirmá
Abitub
Miŝam
Ŝemed
Ŝaŝak
Iŝpa
Ĥizki
Iŝmeraj
Izlia
Elienaj
Ziletaj
Beraja
Ŝimrat
Iŝpan
Antotija
Ifdeja
Ŝamŝeraj
Jaa
Zur
Zeĥer
Tarea
Eŝek
Ŝilonidoj
Zerah
Ibneja
Miĥri
Maasaj
Jahzera
Meŝilemit
Bakbakar
Hereŝ
Korahido
Aĥjo
Ŝimeam
Tahrea
Refaija
Ŝearja
Haĥmonido
Pasdamim
Ŝammot
Harorido
Ĥeled
Huraj
Baharumido
Haŝem
Gizonido
Ŝagee
Sacar
Elifal
Meĥeratido
Ĥezro
Naaraj
Ezbaj
Mibĥar
Hagri
Zelek
Berotido
Uria
Adina
Ŝiza
Rubenido
Mitnido
Aŝteratido
Hotam
Aroerido
Ticido
Mahavido
Jeribaj
Joŝavja
Elnaam
Itma
Mezobajido
Ŝemaa
Gibeatano
Jeziel
Anatotano
Gederatano
Eluzaj
Bealja
Harufano
Joezer
Joelah
Miŝmanna
Maĥbannaj
Ziltaj
Ĥidon
Ibhar
Elpelet
Beeliada
Kuŝaja
Jaaziel
Aziel
Jeĥija
Hoŝan
Jedutunon
Tibĥat
Tou
Hadoramon
Ŝavŝa
Ŝofaĥ
Ŝofaĥon
Sippajon
Lahmin
Ĥaziel
Zina
Seorim
Hakkoc
Huppa
Jeŝebeab
Immer
Hezir
Happicec
Jeĥdeja
Jiŝaridoj
Jahaziel
Ŝoham
Ibri
Jeraĥmeel
Aŝarela
Zeri
Izri
Jeŝarela
Jatniel
Sakar
Peulletaj
Otnij
Refael
Semaĥja
Tebalja
Ŝaleĥet
Parbar
Uzzielidoj
Dodai
Amizabad
Ŝamhut
Izraĥido
Helec
Ezri
Ramatido
Ŝifmido
Gederido
Ŝitraj
Ŝaronido
Adlaj
Obil
Jehdeja
Meronotido
Jaziz
Hagrid
Haĥmoni
Jehiel
Parvaim
Tadmor
Etamon
Curon
Adulamon
Adorajimon
Coran
Ŝemarjan
Zaham
Lubidoj
Sukidoj
Cemaraim
Senvaloraj
Jeŝana
Cefata
Maimon
Lubim
Hajl
Tobadonija
Amasja
Amaria
Jaĥazielon
Cic
Jeruel
Dodavahu
Adaija
Eliŝafat
Ŝimrit
Amaĉja
Jehoadan
Amazjan
Eloton
Jeĥilja
Jabne
Maasejan
Azrikamon
Meŝilemoth
Jeĥizkja
Ĥadlaj
Ŝemeŝon
Gederoth
Timnan
Gimzon
Jeĥuel
Judanoj
Ismaĥja
Ofelon
Ĥozaj
Joah
Joahaz
Tokĥat
Ĥasra
Reelaija
Mispar
Becaj
Jora
Gibbar
Arim
Magbiŝ
Tabbaot
Siaĥa
Ĥagab
Ŝamlaj
Reaija
Paseaĥ
Asna
Nefisim
Bazlut
Mehida
Ĥasofereĥ
Peruda
Adan
Ĥabaja
Ĥakoc
Biŝlam
Dinaitoj
Afarsatĥitoj
Tarpelitoj
Afarsitoj
Arĥevitoj
Ŝuŝanĥitoj
Dehaitoj
Elamitoj
Osnapar
Hagaj
Aĥmeta
Josifja
Zabbud
Eliezeron
Jaribon
Meŝulamon
Joiaribon
Iddo
Kasifja
Ŝerebjan
Ĥaŝabjan
Binnui
Jahzeja
Kelaija
Ramja
Izija
Aziza
Atlaj
Ŝeal
Ĥelal
Ŝimeon
Mattatta
Eliphelet
Jeremaj
Maadaj
Uel
Bedeja
Ĥeluĥi
Vanja
Jaasu
Maĥnadebaj
Ŝaŝaj
Ŝaraj
Mattitja
Zebina
Ŝafpordon
Hammeah
Hananel
Hasenaah
Fiŝpordon
Besodeja
Melatja
Jadon
Meronotano
Harhaja
Harumaf
Haŝabneja
Zanoah
Valpordon
Sterkpordo
Sterkpordon
Ŝalun
Kol
Ĥoze
Fontpordon
Ŝelah
Azbuk
Bavvaj
Ananija
Palal
Akvopordo
Ĉevalpordo
Calaf
Hamifkad
Ŝafpordo
Gaŝmu
Tobijan
Sanbalaton
Arah
Raamja
Naĥamani
Misperet
Neĥum
Hodeva
Tabot
Nefuŝesim
Bazlit
Meĥida
Soferet
Perida
Adon
Hobaja
Haŝum
Haŝbaddana
Bunni
Ĥenani
Ĥaŝabneja
Gineton
Bilgaj
Azanja
Binuj
Ĥenadad
Beninu
Nobaj
Magpiaŝ
Ĥezir
Jadua
Ĥaŝub
Pilĥa
Ŝobek
Ĥaŝabna
Aĥja
Ataia
Kolĥoze
Ĥazaja
Joed
Gabaj
Pelalja
Amaŝsaj
Aĥzaj
Meŝillemot
Haggedolim
Ŝabetaj
Ciĥa
Giŝpa
Petahja
Jekabceel
Mekona
Ananja
Gitajim
Hadid
Nebalat
Hatuŝ
Maadja
Uno
Jojakimon
Eljaŝibon
Jojadan
Jadduan
Meraja
Maluĥi
Ĥelkaj
Moadja
Piltaj
Jaddua
Netofatanoj
Milalaj
Gilalaj
Maaj
Akvopordego
Ĥamea
Ŝafpordego
Gardistaro
Jezraĥja
Pedaija
Ĥoronano
Mehuman
Bizta
Harbona
Bigta
Abagta
Zetar
Karkas
Karŝena
Admata
Meres
Marsena
Hadasaon
Ŝaaŝgaz
Tebet
Bigtan
Tereŝ
Agagidon
Hataĥon
Zereŝon
Bigthana
Teresh
Enirigu
Ĥarbonah
Pendigu
Parŝandatan
Dalfonon
Aspaton
Adaljan
Aridatan
Parmashtan
Arisajon
Aridajon
Vaizatan
Agagano
Abiĥajl
Naskiĝis
Ŝebaanoj
Malkonfesu
Eksciu
Falaĵo
Konatiĝu
Leviĝas
Regado
Foriri
Malvirtuloj
Plejadoj
Oriono
Levjatanon
Fajreretoj
Jemima
Kezia
Keren
Hapuĥ
Abŝalomo
Multobliĝos
Cervino
Hontiĝos
Fortulo
Senkaŭze
Maljustaj
Grandiĝu
Revelaĵo
Bruloferon
Mizar
Kontempla
Geedziĝa
Brulofero
Pripensaĵo
Perfortuloj
Hororo
Sangavidaj
Elrompu
Naharaim
Restarigu
Aŭdigu
Riprocxu
Piedpremu
Memorigo
Dumtage
Filistujo
Zebaĥ
Calmunna
Trairante
Unuigu
Filisteo
Ezrahido
Favoramo
Mildiĝu
Satuigu
Aperigu
Malsenca
Sankteco
Ĝojkriu
Eklamu
Yah
Filiŝteo
ALEF
BET
GIMEL
DALET
Komprenigu
VAV
ZAJIN
ĤET
TET
JOD
Turniĝu
KAF
Kiomaj
LAMED
SAMEĤ
AJIN
Riveretoj
CADA
KOF
Proksimiĝas
REŜ
TAV
Multfoje
Jaar
Sihon
Laŭdpsalmo
Eliras
Malproksimigu
Ebenigu
Alligu
Riproj
Pacofertoj
Malpieco
Malriĉiĝas
Malamo
Saĝuloj
Malpiuloj
Maltrankvilo
Plenumita
Forrestu
Naivulo
Naivuloj
Agrableco
Perfortema
Malbonfaranto
Subaĉeto
Malvirtulo
Mallaboremo
Koleriĝema
Heredaĵo
Malpiulo
Edukadu
Pridiskutu
Mankhava
Malbonuloj
Sangaviduloj
Malhonesta
Agur
Jakeh
Ucal
Paŝtigu
Beter
Sesdek
Amana
Ŝulamitino
Ŝulamitinon
Rabim
Novlunoj
Grasigu
Pezigu
Ŝearjaŝub
Jebereĥja
Ŝiloaĥ
Recin
Armiĝu
Konsiliĝu
Kalno
Restaĵo
Ajat
Lajŝa
Madmena
Gebim
Medojn
Bajit
Luhit
Dimon
Hareset
Tartano
Sargon
Dedanidoj
Elhakante
Laŭmezure
Blindigu
Ĥanes
Ĉesigu
Maltrankviliĝu
Senvestigu
Malvirtaj
Metiisto
Elmetu
Abomenaĵo
Etiopujon
Sekigu
Sabeoj
Dezertiĝo
Sinim
Plilarĝigu
Hej
Kompatemaj
Spireto
Restariganto
Loĝado
Alilandanoj
Beula
Fortuno
Gloriĝu
Varmega
Gardistoj
Kuradu
Miregiga
Paŝtistoj
Malsano
Instruiĝu
Detondu
Elŝiru
Konfuziĝu
Harsit
Buĉado
Magor
Misabib
Denoncu
Paŝĥuron
Enskribu
Dedanon
Buzon
Ruliĝu
Moraŝtano
Elasah
Neĥelamidon
Goa
Ĉevalpordego
Hebreino
Jaazanian
Ĥabacinja
Igdalja
Abdeel
Jehukalon
Jukal
Samgar
Sarsekim
Nebuŝazban
Tanhumet
Efaj
Baalis
Ĥaldeajn
Joĥananon
Gerut
Ĥimham
Johananon
Faraon
Hofran
Supren
Frenezigu
Misgab
Madmen
Luĥit
Ebriigu
Vagadu
Merataim
Tendaru
Lebkamaj
Minni
Nomumu
Cidekijan
Buzi
Aviv
Dibla
Rabistoj
Jaazanija
Tamuz
Alvokigu
Malpurigu
Jaazanjon
Azzur
Pelatjan
Traboru
Adultema
Forĵetu
Leonino
Bama
Babilonanojn
Ŝoa
Koa
Asirianojn
Elparolu
Densigu
Ĥelbon
Vedan
Kanneh
Ĥilmad
Sevene
Kub
Seveneh
Patroson
Pibeset
Teĥafneĥes
Fortrenu
Deturniĝu
Gogon
Hamona
Tridek
Palmarbo
Zedad
Sibraim
Hacer
Hattikon
Meribot
Hamat
Meribat
Skuigu
Gomeron
Diblajim
Ruĥama
Ruĥaman
Malĉasteco
Jareb
Semadu
Arbel
Ba
Komercisto
Petuel
Filiŝtujo
Edomujo
Forkuro
Harmonon
Gilgalon
Malamu
Plumbŝnuron
Carefat
Sefarad
Ninevon
Ŝafir
Zaanan
Ecel
Marot
Razadu
Elkoŝano
Ninivo
Makteŝ
Aŝdodn
Kuŝidoj
Ĉiumatene
Ŝebat
Malboneco
Ŝareceron
Meleĥon
Maljunuloj
Hadrak
Grano
Hadadrimmon
Acel
Malpia
MLJohnson
American
Standard
Majority
Text
Lord
Textus
King
James
Nestle
Aland
UBS
